doc_type,file_path,sentence_id,previous_sentence,sentence,next_sentence,target_word,concept,category
CONVRSN,KCP,3571,Look.,He might have got a **flea**.,He might have got a flea Rudy.,flea,flea,flee or insects
CONVRSN,KCP,3572,He might have got a flea.,He might have got a **flea** Rudy.,I doubt it .,flea,flea,flee or insects
CONVRSN,KCP,3576,"You see, see they do  most dogs go down the fields.",Quite possibly he has got a **flea** duck.,I sprayed him with that stuff.,flea,flea,flee or insects
CONVRSN,KCP,5029,it in the fur though,get him a **flea** collar,"The trouble is, if you put, I bought him one, but it knots all his fur up",flea,flea,flee or insects
CONVRSN,KBG,887,What wash?,Mum can I sing   I'm a little a **flea** ?,Sing happy birthday.,flea,flea,flee or insects
OTHERSP,KLY,230,"It's a lie and I tell you why it isn't the southern problem, it's every region's problem.","Every region here got this problem because all of you, every one of you have got local authority workers and other workers and Tylers is like a **flea** on a dog's back it's creeping in and they going, getting everywhere.","Now I work for a local authority so I've got a big interest in this, but I've also been involved as John will remember in a strike.",flea,flea,flee or insects
NEWS,K52,801,"Peter Sellers, subject of a season of movies on Channel 4 at present, starred in The Smallest Show on Earth.",This Fifties comedy was set in a ‘**flea** pit’ cinema called the Bijou where staff turned up the central heating to boiling point in a desert picture to boost ice cream sales.,ITV's World in Action sent two market traders from North Wales to Holland to flog cloth to the descendants of the famous rag traders of Tudor times.,flea,flea,flee or insects
CONVRSN,KST,2241,Right.,You got the **flea** powder?,Yeah.,flea,flea,flee or insects
OTHERPUB,K8Y,471,"However, some of the health improvement came about through natural reduction in disease.","For example, bubonic plague had largely disappeared either because rats developed an immunity to the bacillus or due to a change in the **flea** transmitters.","Likewise, immunity to typhoid and smallpox seems to have increased spontaneously in the human population.",flea,flea,flee or insects
OTHERPUB,BPC,1403,Enjoy the fun of the ‘greatest leaps’ display which illustrates that the leap of a kangaroo is double that of the human Olympic record.,"The frog makes a respectable showing, the **flea**, however, is better at the high jump!",OUR PLANET EARTH,flea,flea,flee or insects
OTHERPUB,BPE,209,"Either way, it has cut the vast queues.","For the artistically inclined the **flea** markets of Paris are full of interest and are, of course, totally free.","Otherwise wandering the boulevards, discovering unspoilt backwaters or just watching the people is as much fun as more expensive pastimes.",flea,flea,flee or insects
NONAC,BMB,878,"A company such as T&L, he says, cannot afford to miss out on significant discoveries these large organisations make.","‘We can be like a **flea** on their backs, but we have to be ready when they turn over.",Otherwise we'll be a squashed flea.’,flea,flea,flee or insects
NONAC,BMB,879,"‘We can be like a flea on their backs, but we have to be ready when they turn over.",Otherwise we'll be a squashed **flea**.’,It is hard to know how all these developments will translate into profits for T&L.,flea,flea,flee or insects
FICTION,BMS,1105,It'll be easy getting him to show me where he's chucked my dreams.,He's a **flea** and I'm a spider.,Watch my web.,flea,flea,flee or insects
NONAC,BN3,1826,Only an idiot would behave as you did.,"I compare you to a **flea** on an elephant's back, shouting —‘unless you behave better, I shall bite you.’",Do you realise you cannot rationalise with the irrational!’,flea,flea,flee or insects
NONAC,BNL,2034,"Choose a good hotel, even bordering on the luxurious if you can.",If there are two of you holidaying together you can cheer each other up and laugh about life's adversities and the fact that you are holidaying in a **flea** pit.,If you are on your own in a hovel it is nothing other than miserable.,flea,flea,flee or insects
OTHERPUB,BNY,56,"The doe visits periodically to feed them, opening and closing the entrance on each occasion.",Rabbits' nests are the breeding ground of the rabbit **flea**.,The fleas' eggs are laid in the nest and once hatched the fleas feed off the young rabbits.,flea,flea,flee or insects
OTHERPUB,B0Y,1709,"Pugstyles, Mr,","leader of a constituency deputation sent away with a **flea** in its ear by Mr Gregsbury, MP.",NN 16.,flea,flea,flee or insects
OTHERPUB,EBN,6,Where else can you find the peaceful old world charm of a beautiful 17th Century inner city so well complemented by the modern efficiency of an exciting cosmopolitan metropolis?,And where else will you find world famous diamond houses alongside colourful second hand **flea** markets?,"Scores of museums, theatres and cinemas offer a multitude of cultural possibilities.",flea,flea,flee or insects
OTHERPUB,ED1,22,History may point at Berlin and say it way here that the dream of communism started to curl up and die.,"The wall has all but disappeared, East German uniforms are on sale in the **flea** markets and it's rumoured the Stasi ‘bug’ factory is now making hearing aids.","Berlin has been reborn, and with the Government moving back here from Boon it'll soon be the capital of Germany once more.",flea,flea,flee or insects
NONAC,EDE,1180,"This was, when all is said and done, class legislation: enacted by one class for the betterment of its lower brethren; not for the correction of its own bad habits.","‘To a wealthy or aristocratic criminal the vengeance of the law is as a **flea**, which merely tickles’, observed Reynolds's Newspaper which thought that as far as the Garotter's Act went ‘only poor, plebeian criminals will be exposed…rich and aristocratic ruffians…are certain to be exempted from flogging’.",It was an entirely sound judgement.,flea,flea,flee or insects
OTHERPUB,EC4,277,On stage he is the fastest improvising comedian in the States.,"He plays the piano, sings like a **flea** and electrifies the audience.","‘A dazzling comedian with frenetic, word-tumbling intelligence’Scotland on Sunday",flea,flea,flee or insects
OTHERPUB,ECU,2252,"He, Columbus, is merely her four hundred and twentieth idiot.","He is her clown, her performing **flea**.","This, too, is a plausible scenario.",flea,flea,flee or insects
OTHERPUB,ECU,3368,I've had to work twice as hard to prove myself.’,"According to Shimon Samuels of the Paris-based Simon Wiesenthal Centre, the games were first sold on Nazi memorabilia stalls at **flea** markets in Austria.","Eastern Europe also provided an enthusiastic market, as Commodore 64 computers, obsolete in the west, were sold for a song to young people eager for unity and a non-communist identity.",flea,flea,flee or insects
OTHERPUB,ECH,895,My camera clicked away.,"The haul up from there to the top of the highest bank was several hundred feet of deep heather, pollen-dusty and honey-scented, but as friendly as a hedgehog for a **flea**.","Along the top of the bank was the Ben Tee path, leading to a stile and wending up by the burn — rather than towards the peak — so I just headed over the dried-out moor for the steady ascent to the summit.",flea,flea,flee or insects
NONAC,EFR,691,Some take up a static  life — the barnacles; others swim in vast shoals — the krill which forms the food of whales.,The external skeleton is highly versatile; it serves the tiny water **flea** as well as it does the giant Japanese spider crab that measures over three metres from claw to claw.,Each species modifies the shape of its many paired legs for particular purposes.,flea,flea,flee or insects
OTHERPUB,CGC,1361,"Hand in hand with environmental panic, recycling chic is growing in Europe too.","Not only in Paris where fashion designers like Martin Margiela, Veronique Leroy, Jean Collona and Lamine Kouyate are famed for being creative with second-hand clothing, searching out their raw material in **flea** markets.",But also in London.,flea,flea,flee or insects
OTHERPUB,C9L,187,"This liking for old gear means that they both spend a lot of time hunting it down, as Bryan explains…",‘We've become real **flea** market junkies for old equipment.,I collect old microphones and Keith collects vintage amplifiers.,flea,flea,flee or insects
FICTION,CRE,838,No.,"Something tiny crawled in the voider's palm, like a **flea**.",Chant had no sooner focused upon it than it leapt towards his face.,flea,flea,flee or insects
FICTION,CRE,840,Chant had no sooner focused upon it than it leapt towards his face.,"Repulsed, he raised his arm to keep it from his eyes or mouth, and the **flea** landed upon his hand.","He slapped at it with his other hand, but it was beneath his thumbnail before he could get to it.",flea,flea,flee or insects
FICTION,CRE,869,Nothing could.,"The **flea** — or whatever variation in that species it was that crawled in him — had reached his elbow, and his arm below that pain was now completely numb, the skin of his hand wrinkled and flaky.",But the house in Gamut Street had been a place of miracles once.,flea,flea,flee or insects
FICTION,CRE,905,"Somewhere along the way, they'd lost the Daimler.","Chant might have applauded had be possessed two workable hands, but the **flea**'s message of corruption was spreading with agonizing speed.","While he still had five fingers under his command he went back to the window and dropped Estabrook's letter through, murmuring the address with a tongue that felt disfigured in his mouth.",flea,flea,flee or insects
FICTION,CRE,945,"Staggering, he put his weight against the door to close it, and for the first time he and the driver came face to face.","Whatever the **flea** was doing to his system it must have been horribly apparent, to judge by the look of repugnance on the man's face.",‘You will deliver the letter?’,flea,flea,flee or insects
FICTION,CRE,973,"It was there Chant wanted to go now, but there were new signs of atrophy in his body with every heart-beat.","The hand first invaded by the **flea** was withered, its nails dropped from their place, its bone showing at the knuckles and wrist.",Beneath his jacket he knew his torso to the hip was similarly unmade; he felt pieces of his flesh falling inside his shirt as he moved.,flea,flea,flee or insects
OTHERPUB,CHR,532,What's the difference between dogs and fleas?,A dog can have fleas but a **flea** can't have dogs!,Why did no one care when the owl lost his voice?,flea,flea,flee or insects
OTHERPUB,CHR,1113,What's the difference between dogs and fleas?,A dog can have fleas but a **flea** can't have dogs!,Where do pixies and elves go shopping?,flea,flea,flee or insects
NEWS,CH2,3837,"In his efforts to surrender to justice Jim, 46, had PHONED the police to tell them where he was.",He CALLED twice at the station — only to be sent away with a **flea** in his ear — and LEFT his name and company address so detectives knew where to find him at all times.,Much to his relief he was finally arrested — and appeared in front of the judge who called for him to be brought before the court back in 1990.,flea,flea,flee or insects
NONAC,CH8,1119,"The highlights of our childhood were ‘Children's Hour’ on the wireless, and the cinema.","In those days, if you stuck an advert for the cinema in your window, you got free tickets, and long before I ever understood any kind of plot, we'd all troop down to the local **flea** pit and watch whatever was showing.","The wireless and the cinema gave me such enjoyment that I decided I'd become an actor, a film star.",flea,flea,flee or insects
OTHERPUB,C8B,1755,Block up any holes where insects could enter.,Commercial **flea** collars usually contain a health warning.,But there are safe ways to ward off fleas.,flea,flea,flee or insects
OTHERPUB,C8U,695,"Sure enough, she was still there, sitting on her haunches eyeing me thoughtfully.","Without warning, she suspended her scrutiny to locate a **flea** which was causing her some bother.","Having settled her differences, she gave my hand a tentative lick.",flea,flea,flee or insects
OTHERPUB,C8U,702,I gave up.,"Giving her the name Emily, I decided to adopt her, bought a packet of **flea** powder and that was that.","I first discovered Emily's dubious devotion to duty in Cannes, when a French Moroccan chap caught hold of my arm in an attempt to sell me a lurid rug.",flea,flea,flee or insects
OTHERPUB,C8U,997,The first five correct entries out of the sack will be rewarded with a signed copy of Pat Quinn's book —The Greatest Dog Show on Earth .,A delightfully illustrated story of a **flea**'s eye-view of Crufts!,The first 50 winning postcards will be sent a Sherleys flea collar.,flea,flea,flee or insects
OTHERPUB,C8U,998,A delightfully illustrated story of a flea's eye-view of Crufts!,The first 50 winning postcards will be sent a Sherleys **flea** collar.,"One size fits all, as they can be trimmed to fit almost any type of dog.",flea,flea,flee or insects
FICTION,C85,2098,"‘Th'should stand firm,’ Jess said, letting her new role take over, then going very red at her own daring.",She expected to be sent out with a **flea** in her ear.,But Miss Phoebe said: ‘You think so?’,flea,flea,flee or insects
FICTION,C85,3588,The smoke fair streams from his ears when anyone mentions thee.,"If he was to catch thee, all thy fighting skills wouldn't be worth an ounce o' **flea** shit.’","‘He won't,’ Midnight said, keeping his eyes on Red and smiling coolly.",flea,flea,flee or insects
OTHERPUB,CJE,661,"You may well notice at first that your dog scratches persistently when it is infected, in spite of being told to stop doing so.",Regular grooming with a special fine **flea** comb should alert you to the presence of these troublesome parasites.,Look for tiny specks of black dirt — these are the flea droppings.,flea,flea,flee or insects
OTHERPUB,CJE,662,Regular grooming with a special fine flea comb should alert you to the presence of these troublesome parasites.,Look for tiny specks of black dirt — these are the **flea** droppings.,"If you are in doubt about these, sprinkle the debris from the comb on to a piece of white paper, and pour a little water over it.",flea,flea,flee or insects
OTHERPUB,CJE,664,"If you are in doubt about these, sprinkle the debris from the comb on to a piece of white paper, and pour a little water over it.","The dark specks will dissolve, producing a reddish-brown coloration on the paper, because of traces of undigested blood in the **flea** dirt.","Actual fleas themselves may be harder to locate, although the base of the tail is a good point to look for them.",flea,flea,flee or insects
OTHERPUB,CJE,674,"Pest control companies can undertake this task for you, with minimum disturbance.","The female dog **flea** (1) lays her eggs on the floor (2) or in bedding and in about a week they hatch into larvae (3) which spin cocoons, inside which the pupae (4) develop into adults within two or three weeks.","The dog flea acts as an intermediate host for the larvae of the common tapeworm, Dipylium caninum which makes it even more vital that flea infestations should be controlled.",flea,flea,flee or insects
OTHERPUB,CJE,675,"The female dog flea (1) lays her eggs on the floor (2) or in bedding and in about a week they hatch into larvae (3) which spin cocoons, inside which the pupae (4) develop into adults within two or three weeks.","The dog **flea** acts as an intermediate host for the larvae of the common tapeworm, Dipylium caninum which makes it even more vital that flea infestations should be controlled.",Behaviour in the home,flea,flea,flee or insects
OTHERPUB,CJE,675,"The female dog flea (1) lays her eggs on the floor (2) or in bedding and in about a week they hatch into larvae (3) which spin cocoons, inside which the pupae (4) develop into adults within two or three weeks.","The dog flea acts as an intermediate host for the larvae of the common tapeworm, Dipylium caninum which makes it even more vital that **flea** infestations should be controlled.",Behaviour in the home,flea,flea,flee or insects
OTHERPUB,CJE,685,"Again, consistency when training is important, and it is generally better not to allow dogs on to furniture.","Otherwise, cleaning the room inevitably becomes more difficult as hairs are shed over the chair covers, and there is an increased risk of **flea** infestations.","LEFT Never forget that small puppies can grow into large dogs, as shown by this Pyrenean Mountain dog.",flea,flea,flee or insects
FICTION,CJA,121,"‘A crystal for a Kobold, yeah, that's about ol' Frank's speed,’ he grinned.",‘Try the **flea** market.’,"‘Thanks very much, Carlos.’",flea,flea,flee or insects
FICTION,CJA,159,"Overhead, lines of biofluorescents snaked from pole to pole, tied on with string.",Tabitha had come to the **flea** market after all.,Some of the stallholders had made an effort for the carnival.,flea,flea,flee or insects
FICTION,CK9,383,I do not have bed bugs .,"A **flea** now, here and there, but no bed bugs.",Get in !’,flea,flea,flee or insects
OTHERPUB,CKY,189,Two French collectors have announced what they consider to be a major find of six previously unknown Van Gogh drawings.,The sheets are reported to have turned up inside a frame offered for sale in a provincial Sunday **flea** market outside Paris.,"They show a view of a city park, two female figures, a country scene with a bridge, a village scene with figures, a small doorway, and a castle, all recognisable places in Provence.",flea,flea,flee or insects
OTHERPUB,CKL,401,"‘I've been back to London a few times in the last year, and I've had some great times there,’ she enthused.",‘I found a **flea** market in Holborn and was walking around for three hours.,It was beautiful.,flea,flea,flee or insects
OTHERPUB,CK4,3440,"Anyway, Napier-Bell flew out to Dublin to court the band and immediately launched a speech enthusing wildly about how much he liked ‘both’ the Inspirals albums.",An apoplectic CLINT BOON immediately got on his case and the ill-informed impresario was sent away with a rather large **flea** in his ear.,We hear that guitarist GRAHAM made a rather large faux-pas only the week before.,flea,flea,flee or insects
FICTION,CB0,879,Everywhere a strong smell of disinfectant and in the concrete corridors grey mops in galvanized buckets.,"Despite these precautions, I quite often came home with a **flea** and my mother would take out the streaked bottle of calamine lotion and dab the itchy lumps.","Then she would search for the flea, going along the seams of my clothes with her thumbnail until it jumped.",flea,flea,flee or insects
FICTION,CB0,880,"Despite these precautions, I quite often came home with a flea and my mother would take out the streaked bottle of calamine lotion and dab the itchy lumps.","Then she would search for the **flea**, going along the seams of my clothes with her thumbnail until it jumped.",‘Don't move.’,flea,flea,flee or insects
FICTION,CB0,882,‘Don't move.’,"She'd lick her finger and thumb, pounce calmly, then roll the **flea** for a few seconds to stun it before she cracked it between her thumb nails.","The pictures, though, were worth it.",flea,flea,flee or insects
NEWS,CBG,2152,But since that narrow escape Border has also upset manager Bobby Simpson with his public criticism of player-preparation before a nine-wicket one-day defeat at the hands of the West Indies in Perth earlier this month.,"Border emerged from that verbal fracas with a **flea** in his ear from Australian officials, but their patience is said to be wearing thin.",At the age of 37 — old by Australian standards — Border accepts that he is nearing the end of his career but he is desparate to prolong it for two reasons.,flea,flea,flee or insects
NEWS,CBC,9165,"‘All her jewellery was taken,’ he says softly, ‘except for her five-diamond engagement ring, her sapphire and diamond eternity ring and her wedding ring.","It was beautiful, an antique that we picked up at a **flea** market in Bath.",I know she would want Sophie to have those.’,flea,flea,flee or insects
OTHERPUB,CB8,2339,Top left: Rachel isn't averse to peeling paint or chipped objets d'art.,"She scours **flea** markets and will either repair her purchases or leave them, depending on the extent of the damage.",Left: Rachel's living room reveals the world of difference between shabby chic and just plain shabby.,flea,flea,flee or insects
OTHERPUB,CB8,2912,"It is a patchwork of well-tested rules, long-forgotten power struggles, and reactionary humbug.","And while a teenager has the foresight of a **flea**, her powers of humbug-detection are finely honed.","This is why, before you embark on any kind of anti-drug crusade with your children, you have to be clear where you stand — and not just on the subject of heroin.",flea,flea,flee or insects
FICTION,CEB,1855,"‘I just hope,’ Meredith said, ‘that she doesn't see the chap with the placard.","He asked her to sign his wretched petition on Friday after he asked me, and got sent away with a **flea** in his ear.",If she sees him today she might go over there and tell him his name for nothing again.’,flea,flea,flee or insects
NEWS,CEK,5643,It praises the driver of the 5.05 from London Bridge to Eastbourne who climbed out of his cab with a fistful of messages from passengers who'd asked him to phone their wives after hearing the train would be stranded for some time.,"The Red Face Award must go to one of BR Chairman Sir Bob Reid's secretaries who, after a complaint about fleas on an Edinburgh sleeper was passed on to her, sent out Sir Bob's ‘personal’ letter of apology with a memo inadvertently attached, saying: ‘Send standard **flea** letter’.",Only fools and robbers,flea,flea,flee or insects
NEWS,CEN,6405,A casual drug user has an ice cream habit and a champ is someone who refuses to reveal their supplier.,"Hamburgers and disco biscuits are undercover terms for the rave drug Ecstasy, while royalty is cocaine and poor quality drugs are dismissed as **flea** powder.",The code was designed to prevent outsiders from guessing what was going on.,flea,flea,flee or insects
FICTION,J19,2228,‘It's not fake.,I found an old coat in the **flea** market and cut the good bits out.,It's real and hot.,flea,flea,flee or insects
OTHERSP,JSH,119,This year seventy five jobs lost at  last week and there's four hundred job losses that are currently being negotia negotiated in United Engineering Steels in Sheffield and Rotherham.,That regeneration project is a **flea** on a dog's back into the jobs that have been lost in that  area at the moment.,When are we going to meet the needs of those areas for jobs and not have these things where we're getting less than twenty percent job replacement through g regeneration.,flea,flea,flee or insects
ACPROSE,J7H,18,"They differ both in terms of the types of deictic references they contain, and in terms of the degree of overlap that readers are likely to perceive between the evoked situations of utterance and the actual contexts of production and reception of the texts.","""The **flea**"" by John Donne dramatises a conventional poetic situation, in which an eager lover tries to dissuade a reluctant partner from her coy attitude to sexual behaviour.","The well-known argument is that the woman's refusal to concede to sexual intercourse is totally unjustified, since the two bodies have in fact already been made one by a flea, who has been sucking blood from them both.",flea,flea,flee or insects
ACPROSE,J7H,19,"""The flea"" by John Donne dramatises a conventional poetic situation, in which an eager lover tries to dissuade a reluctant partner from her coy attitude to sexual behaviour.","The well-known argument is that the woman's refusal to concede to sexual intercourse is totally unjustified, since the two bodies have in fact already been made one by a **flea**, who has been sucking blood from them both.","The first and second person pronouns ""me"" and ""thou"" / ""thee"" and the opening imperative ""Marke"" establish a situation of direct address involving a speaking persona and a (silent) addressee.",flea,flea,flee or insects
ACPROSE,J7H,21,"The first and second person pronouns ""me"" and ""thou"" / ""thee"" and the opening imperative ""Marke"" establish a situation of direct address involving a speaking persona and a (silent) addressee.","The time deictic ""now"" explicitly signals the synchronicity of content and coding time pointed out by Green in Section 6, while the use of the demonstrative of spatial proximity""this' in reference to the **flea** implies the existence of a shared situational context, in which a spoken, face-to-face interaction is taking place.","The communicative context evoked by the text, in other words, corresponds to the canonical situation of utterance, within which the two participants, a mutually visible object and the time of utterance are referred to deictically.",flea,flea,flee or insects
NONAC,J52,1404,"Paltry compared with Asimov's ""haemoglobin number"" , but still what I would call a large number.","If you started from the insect, and jumped like a demented **flea** half a trillion times, you could expect to arrive at the fox once.",What is all this telling us about real evolution?,flea,flea,flee or insects
FICTION,JY3,631,She took a deep breath and controlled her pounding pulse-rate.,"‘If you had the intelligence of a retarded **flea**, Mr Sterne, might it have occurred to you that I was frightened ?’ she queried sweetly.","‘I was alone in a strange villa, and woke up to hear someone prowling round!",flea,flea,flee or insects
FICTION,JYA,1886,"‘Oh, but —’","‘Shelley, Shelley, why are you jumping like a little **flea**?","You wish for a cool drink on my shady patio, do you not?’",flea,flea,flee or insects
FICTION,JY7,4919,‘Santa Maria !,"You jump from topic to topic, like a **flea** in a room filled with dogs!",How is a man to know what you are talking about?’,flea,flea,flee or insects
FICTION,JY8,125,Another trip for your health?,You've island-hopped the Caribbean like a demented **flea**.,"I've plotted your course on the map, and you don't seem to stay anywhere long.’",flea,flea,flee or insects
FICTION,HP0,2674,Flying across England and Ireland like that to deliver him an angry homily on his duty to his firm!,"Well, he'd have a **flea** or two to put in her ear next time they met.",Ever since he'd given her that power of attorney she'd been getting above herself.,flea,flea,flee or insects
FICTION,HWL,826,Sometimes I think all the fun's going out of London.,"Sorrel was on duty at her stall on the corner of the **flea** market, so that was my first port of call.",She was wearing biker leathers and cowboy boots which all looked as if they'd been applied with the aid of a shoehorn.,flea,flea,flee or insects
FICTION,HWM,2451,And something else now: two tubes of ointment.,"A little bit of each (Janet maintained) could do no possible harm, unsure as Shirley was whether the offending insect had been wasp, bee, gnat, **flea**, or mosquito.","For five minutes after the medication, the two women sat on the bed and talked.",flea,flea,flee or insects
ACPROSE,HWG,17,"From there it travelled rapidly to the Middle East, Italy and western Europe.","The plague took two forms, bubonic, transmitted by a bacterium carried by the rat **flea**, and pneumonic, spread directly by droplet infection in a manner similar to the common cold.","It is almost certain that both forms of the disease were present in late-fourteenth-century England, and it may well have been the pneumonic form, the more lethal of the two, which was responsible for the scale of the mortality in 1348–49 (53, pp.172–3).",flea,flea,flee or insects
NEWS,HJ4,4041,"The more you get bitten, the stronger the allergic reaction.",Buy some **flea** powder and use it regularly.,"Volarome is a good repellent, particularly against mosquitoes, and includes geranium, mint and sage oils.",flea,flea,flee or insects
UNPUB,HDB,720,"Shetland ponies are normally about ten hands high, and range in colour.","The colours of horses and ponies are grey, bay, dun,**flea** bitten grey, dapple grey, strawberry roan, chestnut and a lot of other colours.",If you have a horse or pony there is a lot of events which you could go to and take part in.,flea,flea,flee or insects
FICTION,H8T,1931,"Rex worships this government, you see, more than he worships  money, which is saying something.",So Minter went away with a **flea** in his ear.,He came back a couple of weeks ago and this time approached me rather than Rex.,flea,flea,flee or insects
FICTION,H84,1297,He made his way back past Neferukhebit to where Mertseger lay.,"Under her left breast, whose pale skin was only just beginning to give up its bloom to death, was a tiny, dark-red blob, no bigger than a sand **flea**.","Armed with his new knowledge, Huy hastened back to the centre of the capital, but Merymose was not to be found.",flea,flea,flee or insects
FICTION,HTW,1201,Devlin smiled amiably.,‘And me buying it from a stall in the **flea** market only last week.’,"He slid off the stool and Frear said, ‘Aren't you going to give us a tune?’",flea,flea,flee or insects
FICTION,HTW,1260,The Midnight Court and in Irish.,Would you believe I found it on a stall in the **flea** market only last week?’,‘Now!’,flea,flea,flee or insects
FICTION,HTT,2917,"Korean job, cheap and easy to obtain, four to five months continuous operation, use once and throw away.","The mike concealed in the head of the figure is only medium-quality, technically speaking, but it would pick up a **flea** farting in a smallish room.",The transmitter would then beam that out about  two hundred metres.,flea,flea,flee or insects
FICTION,HTN,79,It was a strange commandment.,Gabriel had never in his life contemplated stealing so much as a **flea** from a dog.,His mother and father had raised him to be a law-abiding Christian.,flea,flea,flee or insects
FICTION,HH9,3025,"He lay stiff on her hand, small, cold and useless.",A **flea** jumped off him.,She held her breath for a moment and then the tears and the breath burst out of her at the same time.,flea,flea,flee or insects
FICTION,HH1,955,"‘Now, then, let's have a look at you,’ came fitzAlan's voice, and she found herself flipped over on to her back to encounter a pair of hard blue eyes.",In the ensuing silence she could have heard a **flea** move in the rushes on the floor.,"Then, with a rough jerk, fitzAlan pulled her to her feet.",flea,flea,flee or insects
FICTION,HH5,1605,‘You played against your king and won!’,My mind raced as nimble as a **flea** in air.,"‘Of course, Your Majesty,’ I stuttered.",flea,flea,flee or insects
FICTION,HRA,2119,‘There!,Just drowned a **flea**.,"Little bugger made a run for it, but I swamped him.’",flea,flea,flee or insects
FICTION,H92,1834,"‘Paul, I don't know if you have realised this yet, but I am not the understudy to the part of the father.","I am understudying George Birkitt, who, when I last saw him, was looking as fit as a **flea**.’","‘Charles, this is an emergency!",flea,flea,flee or insects
FICTION,HGM,3345,"‘Well, if it comes to that I wasn't too happy either!’",‘Are you trying to tell me that if I'd come to you you wouldn't have sent me away with a **flea** in my ear?’,He couldn't disguise his amazement.,flea,flea,flee or insects
FICTION,HGN,3583,‘That's just as well.’,"And you, Rosenbloom, have the loyalty of a **flea**.","‘But,’ Rainbow continues, ‘you're something…different.",flea,flea,flee or insects
NONAC,FP9,1257,Thousands of people rolled up to see this infamous figure in the summer of 1932.,"This was a peripatetic Diogenes of the masses though, and fined for obstruction he had to constantly seek new pitches: ‘His barrel was sandwiched between a fasting girl and a **flea** circus.","He sat in it for fourteen hours a day, hoping to get about £2,000 for all the appeals which lay before him.’",flea,flea,flee or insects
OTHERPUB,FEB,1742,"Its common name derives from ""pulioll-royall"" , an old French name for a royal thyme.","Pulegium is from pulex, the Latin for **flea**, as it was much used to deter, if not actually kill, fleas.","Two varieties have been distinguished, M. p decumbens, the one under discussion, and M. p. erecta, whose flower stems are 20–30cm (8–12in) tall.",flea,flea,flee or insects
OTHERPUB,FEB,1881,Domestic,"powerful **flea** repellent, also against other insects, as an air cleanser when burnt",Fragrance and Aroma,flea,flea,flee or insects
NONAC,FEV,151,It locates its food by vibrations and is attracted to anything which generates the right sort of disturbance.,Cat **flea** pupae use vibrations in a slightly different way.,"They lie dormant, usually in carpets, until they feel the faint tremble that indicates a person or a cat passing, and then rapidly emerge.",flea,flea,flee or insects
FICTION,F9C,2509,"His students thought he'd finally flipped and started telling fairy stories, but this was no fairy story, this was a real Gothic Horror.","For thousands of years the marmots had lived on the banks of the lake in Central Asia where they played host to a **flea** called xenopsylla cheopsis and a tiny bacillus, or disease, called pasteurella pestis , with no dramatic consequences to any of them, and not the slightest impact on the rest of the world.",And then something happened to disturb the marmots.,flea,flea,flee or insects
FICTION,FU8,196,The French have a heavy hand.,They like to use an elephant gun to stun a **flea**.,You'll see that  when we get ashore.,flea,flea,flee or insects
OTHERPUB,FTU,879,"Sometimes, turning a corner from some leisurely alley, you feel you have been thrust into the coruscating life of a country fair.","On Tuesdays and Fridays, for example, the old quarter is busy with the fruit, flower and vegetable markets, and on the last Saturday of every month, it is enlivened by the traditional **flea** market.","On these occasions, it is hard to realise that not so very far away, industry and commerce are hard at work.",flea,flea,flee or insects
NEWS,A3P,365,"Markets: Apart from the fish market, there is a general market every Saturday morning on T'Zand, on the west side of town, and every Wednesday on the Burg, in the centre.","A **flea** market along the Dijver, one of the main canals, takes place on Saturday and Sunday from March to October but looks like a real tourist trap.","Books: Blue Guide to Belgium and Luxembourg (Black/Norton, £11.95), good for historical sights; Brugge Inside Out available locally for about £4 is useful for more down-to-earth matters.",flea,flea,flee or insects
FICTION,AC5,712,"Now sit still and stop hopping about, will you.",Anyone'd think you was a **flea** on the organ-grinder's monkey.’,The windows were streaky like at the basement.,flea,flea,flee or insects
FICTION,ACK,1787,"And, oh, those fearsome pictures on the containers!","I know what a **flea** and a slug look like, I don't want to be frightened to death every time I pick up the packet.",If I want a video nasty I'll buy one.,flea,flea,flee or insects
OTHERPUB,ACM,1428,"After a hectic day on the circuit his owner would watch as Noddy returned to the pits, his face showing the strain of a life lived in the fast lane.","Once indoors the dog would collapse in front of the fire, there, perhaps, to dream of the day when he'd swap his **flea** collar for a laurel wreath, and his water bowl for a magnum of champagne with which to shower his adoring fans!","Things, however, came to a head one day when a veterinary surgeon on his rounds, in a regulation Volvo estate, was alarmed to see Noddy tearing towards him on the wrong side of the road, in hot pursuit of a Transit van.",flea,flea,flee or insects
NONAC,AC9,1551,9.9 A computer with graphics software installed can process the data from a surveying instrument and reconstruct a three-dimensional impression of the land surface.,Computing the Collections: The art of successful **flea** handling Lea Jones,The British Museum's collections contain a pair of dressed fleas from Mexico.,flea,flea,flee or insects
NONAC,AC9,1604,"The pedant might create a separate physical record for each item: the fleas, plus the individual garments.",Theoretically (it would be argued) these items may become detached from the **flea** and be lost in the collections.,"Should they be found, it would be necessary to have a physically separate record to enable specific identification of this object to be made.",flea,flea,flee or insects
NONAC,AC9,1606,"Should they be found, it would be necessary to have a physically separate record to enable specific identification of this object to be made.","The pragmatist might acknowledge this point but would offer the further thought that, under normal circumstances, it is unlikely that a **flea**'s stray garment could be mistaken for anything else, and that the flea. its garments and any other intimately associated paraphernalia would be more sensibly and  helpfully handled as a single record.",A text description of the item(s) covered by the record should allow the information to be both recorded and retrieved without having to split it between several records.,flea,flea,flee or insects
NONAC,AC9,1610,"Furthermore, they would be viewed as a single entity from a collections point of view.","But (the pedant may pursue the point), what if the **flea** and its garments were housed in separate locations?","Then say so in the record, the pragmatist would counter.",flea,flea,flee or insects
NONAC,AC9,1612,"Then say so in the record, the pragmatist would counter.","In this way the **flea** gets to keep its clothes on — at least in the records, if not the collections.","It is indeed possible for a theoretically single item to have more than one location simultaneously, typically the case with temporary locations and compound objects.",flea,flea,flee or insects
NONAC,AC9,1686,"The problem arises when more common, everyday names are available.","Take the human **flea**, or Pulex irritans .",The pedant's argument might be that Pulex irritans is a very specific term for an otherwise undistinguished little insect.,flea,flea,flee or insects
NONAC,AC9,1688,The pedant's argument might be that Pulex irritans is a very specific term for an otherwise undistinguished little insect.,"It provides precision, ‘**flea**’ being too vague and potentially confused with other types of flea, such as the dog flea, or (disaster!) the water flea.","The pragmatist might suggest that precision is fine only so long as everyone understands the term: in fact,Pulex irritans is less obviously a flea, than ‘flea’.",flea,flea,flee or insects
NONAC,AC9,1688,The pedant's argument might be that Pulex irritans is a very specific term for an otherwise undistinguished little insect.,"It provides precision, ‘flea’ being too vague and potentially confused with other types of **flea**, such as the dog flea, or (disaster!) the water flea.","The pragmatist might suggest that precision is fine only so long as everyone understands the term: in fact,Pulex irritans is less obviously a flea, than ‘flea’.",flea,flea,flee or insects
NONAC,AC9,1688,The pedant's argument might be that Pulex irritans is a very specific term for an otherwise undistinguished little insect.,"It provides precision, ‘flea’ being too vague and potentially confused with other types of flea, such as the dog **flea**, or (disaster!) the water flea.","The pragmatist might suggest that precision is fine only so long as everyone understands the term: in fact,Pulex irritans is less obviously a flea, than ‘flea’.",flea,flea,flee or insects
NONAC,AC9,1688,The pedant's argument might be that Pulex irritans is a very specific term for an otherwise undistinguished little insect.,"It provides precision, ‘flea’ being too vague and potentially confused with other types of flea, such as the dog flea, or (disaster!) the water **flea**.","The pragmatist might suggest that precision is fine only so long as everyone understands the term: in fact,Pulex irritans is less obviously a flea, than ‘flea’.",flea,flea,flee or insects
NONAC,AC9,1689,"It provides precision, ‘flea’ being too vague and potentially confused with other types of flea, such as the dog flea, or (disaster!) the water flea.","The pragmatist might suggest that precision is fine only so long as everyone understands the term: in fact,Pulex irritans is less obviously a **flea**, than ‘flea’.","The pedant, persistent as ever, could insist that Pulex irritans is the proper term for a flea and it therefore ought to be provided for those who understand it.",flea,flea,flee or insects
NONAC,AC9,1689,"It provides precision, ‘flea’ being too vague and potentially confused with other types of flea, such as the dog flea, or (disaster!) the water flea.","The pragmatist might suggest that precision is fine only so long as everyone understands the term: in fact,Pulex irritans is less obviously a flea, than ‘**flea**’.","The pedant, persistent as ever, could insist that Pulex irritans is the proper term for a flea and it therefore ought to be provided for those who understand it.",flea,flea,flee or insects
NONAC,AC9,1690,"The pragmatist might suggest that precision is fine only so long as everyone understands the term: in fact,Pulex irritans is less obviously a flea, than ‘flea’.","The pedant, persistent as ever, could insist that Pulex irritans is the proper term for a **flea** and it therefore ought to be provided for those who understand it.","The pragmatist could agree, pointing out that the scope notes for each term could be used for precisely this purpose, adding that, unless a scientific name has no more common alternative, it should remain non-preferred, with an alternative preferred term supplied.",flea,flea,flee or insects
OTHERPUB,ACN,1124,"‘Not Dynasty -type scripts, just about normal working class families and things that have happened to me’","Black swimsuit by Azzedine Alaia, 27 Fulham Rd, London SW3: black boots, PVC jacket and American Express neck chain, all by Jean Paul Gaultier from Junior Gaultier, Newburgh St, W1; rings by Du Du Du from Paris **flea** market",CANDY,flea,flea,flee or insects
OTHERPUB,AM5,1754,"It reminds me of when, as a young man just flown from the comfort and security of the parental nest, I rented a small flat.",The late landlord's estate of numerous **flea** pits was managed by an agent who wasn't too bothered about the slight leak at the connection between my toilet and the drain.,"At one point I had pretty yellow fungi growing from the floor, which was right above a store room to the cafe downstairs; needless to say, I never ate there.",flea,flea,flee or insects
OTHERPUB,AM0,523,"Although don't forget that, as usual, your Clubrep will also have a great selection of Club entertainment including a barbecue, the Reps' Cabaret and a trip to Spain.","The campsite also has a selection of shops on site including a supermarket, launderette, bureau de change and weekly **flea** market and the resort of Canet Plage is only a five minute drive away.",Meals: Self catering and Accommodation only,flea,flea,flee or insects
NEWS,AJJ,109,They are aware that designer labels are no passport to instant glamour and that designers tend to recycle the past anyway.,One assistant to a renowned Parisian designer is regularly sent to scour the **flea** markets ‘for ideas’.,"For some people, a sense of shame clings to the buying of cast-offs.",flea,flea,flee or insects
NEWS,AKM,60,Dog aid THE National Canine Defence League is opening its rescue centres to collect medical items for animals in St Petersburg.,"Drugs and equipment are in short supply and the NCDL is looking for **flea** collars, worming tablets and cotton wool — the sorts of things pet owners can spare.","Details from NCDL, 1 Pratt Mews, London NW1, tel: 071–388 0137.",flea,flea,flee or insects
FICTION,AEB,3134,‘Should they not take precautions to prevent themselves inhaling this dust?’,The thin man niggled at him like a **flea** in the hide of a rhinoceros.,‘They could always hold their breath!,flea,flea,flee or insects
ACPROSE,ABM,436,The rules of an artificial formal logic will not guide one in the search for the natures of things.,Just what routes will logic produce to lead me to the complete knowledge of the nature of a **flea**?…,"Is it truly the province of logic to examine, to uncover, and consequently to explain the nature of things, rather than the province of Physics and the other sciences instead?",flea,flea,flee or insects
ACPROSE,ABM,446,"What is the ‘essence’ or ‘nature’of a horse, and why does it follow from this that a horse has a certain type of head or feet, or lives to the age it does?","What is the ‘form’ of a **flea**, and will it explain its ability to digest blood, and to move with agility?","‘What qualities result from that form deep within him, and how?’",flea,flea,flee or insects
ACPROSE,ABM,708,But Casaubon is not without insight in his idea that the committed experimental philosopher may come to think that all areas of human concern and experience are legitimate grist to his mill.,"In illustration of the absurdity of this ‘scientific’ arrogance, and teaching a lesson which is just as applicable today, he appeals to a story Gassendi told about a friend who watched a fight between a louse and a **flea** through a microscope.","The man claimed to have learnt self-control, temperance, and forbearance from his observations, and to have ‘profited more to rule his passions in the rest of his life, than he had done by any thing that he had heard, or read before’.",flea,flea,flee or insects
FICTION,AN7,2285,Maggie asked.,‘Fit as a **flea**.,"Gets irritated by the children, mind, but I suppose that's natural in a man.",flea,flea,flee or insects
FICTION,A0L,2821,"Actually, in all semi-seriousness, knowing my penchant for warm furry places.",I'd be a **flea**.,And that would have the added advantage of being able to hop from one creature to another.,flea,flea,flee or insects
OTHERPUB,A0G,2462,Decide whether the pest is a serious threat or merely a nuisance.,"Some, such as froghoppers (‘cuckoo spit’) and **flea** beetles, cause little more than cosmetic damage and will be tolerated by healthy plants.","On the other hand, aphids can infect raspberries with incurable virus diseases, and blackcurrant reversion is spread by big-bud mites.",flea,flea,flee or insects
OTHERPUB,ARS,1137,They are hoed between the rows and singled by hand.,"They can be heavily attacked by turnip **flea** beetle when in the two-leaf stage if the seeds are not dressed, but will usually outgrow the damage.","The brassicas are susceptible to a fungus disease called finger and toe, particularly in acid soil, and, if sown before mid-May, are liable to mildew.",flea,flea,flee or insects
FICTION,ASS,920,Henry would reply.,‘Send him away with a **flea** in his ear.,"Psychosomatic, I suppose?’",flea,flea,flee or insects
ACPROSE,A6B,210,Who clipped the lion's wings,And **flea**'d his rump and pared his claws?,"Thought Burbank, meditating on",flea,flea,flee or insects
OTHERPUB,A17,991,"The signs may wax and wane, and the longer it is before a diagnosis is made, the more likely the dog is to end up with long-term arthritis, another disease where preventive measures are very easy and effective.","Regular treatment of your dog and your home with a suitable insecticide is all that's required, so it's no more than you should already be doing to control our old friend the **flea**!",Do make sure the method you employ against fleas will also work against ticks.,flea,flea,flee or insects
FICTION,G1L,869,"Wasn't it one of the simplest magics there was and his grandfather, to say nothing of his great-grandfather (who had lived long and fared well) passing it down to him.","Why, said Pumlumon, hadn't there been a time, not so very long ago either, when he could rattle off the words that set the Draoicht Suan working with no more ado than you might make in the squashing of a **flea**, always supposing you wanted to do something so pointless, which Pumlumon himself never had.","‘But you can remember it all?’ said Fenella, anxiously, and Pumlumon pushed his hat well back and scratched his head and said once he got it going, it would follow as the night the day, or maybe it was the other way round.",flea,flea,flee or insects
FICTION,G0N,2535,I assumed he was chancing his arm.,"So, I sent him away with a **flea** in  his ear.","Then, last Monday, who should I see skulking — yes, I think skulking is the word around Church Square but your former chauffeur, the bibulous Mr Spicer.",flea,flea,flee or insects
ACPROSE,GW4,195,"An example of such ‘political’ postmodernism in the fine arts is the work of Ed Kienholz, whom critics have labelled a neo dadaist.","In an eminently Benjaminian vein, Kienholz has said that one can only understand a ‘society by going through its junk stores and **flea** markets’.","He explicitly confronted issues of racism in his 1960 commentary on the antisegregation struggles in Little Rock, Arkansas (The Little Eagle Rock Incident) and in his installation, Five Car Stud.",flea,flea,flee or insects
OTHERPUB,G33,1688,"‘In the evening we were like a tribe of monkeys, sitting around chatting and picking ticks off one another.’","Right : A tropical chiggoe **flea** that has burrowed into the sole of a foot, gorged itself, laid eggs and been squeezed out, having grown from less than one millimetre wide to more than a centimetre.",‘The only way we could get any sleep was by drinking about a tumbler of whisky every night.’,flea,flea,flee or insects
