starting,feature_id
animals,f_1
animals,f_2
animals,f_3
animals,f_4
animals,f_5
animals,f_6
animals,f_7
animals,f_8
animals,f_9
animals,f_10
animals,f_11
animals,f_12
animals,f_13
animals,f_14
animals,f_15
animals,f_16
animals,f_17
animals,f_18
animals,f_19
animals,f_20
animals,f_21
animals,f_22
animals,f_23
animals,f_24
animals,f_25
animals,f_26
animals,f_27
animals,f_28
animals,f_29
animals,f_30
animals,f_31
animals,f_32
animals,f_33
animals,f_34
animals,f_35
animals,f_36
animals,f_37
animals,f_38
animals,f_39
animals,f_40
animals,f_41
animals,f_42
animals,f_43
animals,f_44
animals,f_45
animals,f_46
animals,f_47
animals,f_48
animals,f_49
animals,f_50
animals,f_51
animals,f_52
animals,f_53
animals,f_54
animals,f_55
animals,f_56
animals,f_57
animals,f_58
animals,f_59
animals,f_60
animals,f_61
animals,f_62
animals,f_63
animals,f_64
animals,f_65
animals,f_66
animals,f_67
animals,f_68
animals,f_69
animals,f_70
animals,f_71
animals,f_72
animals,f_73
animals,f_74
animals,f_75
animals,f_76
animals,f_77
animals,f_78
animals,f_79
animals,f_80
animals,f_81
animals,f_82
animals,f_83
animals,f_84
animals,f_85
animals,f_86
animals,f_87
animals,f_88
animals,f_89
animals,f_90
animals,f_91
animals,f_92
animals,f_93
animals,f_94
animals,f_95
animals,f_96
animals,f_97
animals,f_98
animals,f_99
animals,f_100
animals,f_101
animals,f_102
animals,f_103
animals,f_104
animals,f_105
animals,f_106
animals,f_107
animals,f_108
animals,f_109
animals,f_110
animals,f_111
animals,f_112
animals,f_113
animals,f_114
animals,f_115
animals,f_116
animals,f_117
animals,f_118
animals,f_119
animals,f_120
animals,f_121
animals,f_122
animals,f_123
animals,f_124
animals,f_125
animals,f_126
animals,f_127
animals,f_128
animals,f_129
animals,f_130
animals,f_131
animals,f_132
animals,f_133
animals,f_134
animals,f_135
animals,f_136
animals,f_137
animals,f_138
animals,f_139
animals,f_140
animals,f_141
animals,f_142
animals,f_143
animals,f_144
animals,f_145
animals,f_146
animals,f_147
animals,f_148
animals,f_149
animals,f_150
animals,f_151
animals,f_152
animals,f_153
animals,f_154
animals,f_155
animals,f_156
animals,f_157
animals,f_158
animals,f_159
animals,f_160
animals,f_161
animals,f_162
animals,f_163
animals,f_164
animals,f_165
animals,f_166
animals,f_167
animals,f_168
animals,f_169
animals,f_170
animals,f_171
animals,f_172
animals,f_173
animals,f_174
animals,f_175
animals,f_176
animals,f_177
animals,f_178
animals,f_179
animals,f_180
animals,f_181
animals,f_182
animals,f_183
animals,f_184
animals,f_185
animals,f_186
animals,f_187
animals,f_188
animals,f_189
animals,f_190
animals,f_191
animals,f_192
animals,f_193
animals,f_194
animals,f_195
animals,f_196
animals,f_197
animals,f_198
animals,f_199
animals,f_200
animals,f_201
animals,f_202
animals,f_203
animals,f_204
animals,f_205
animals,f_206
animals,f_207
animals,f_208
animals,f_209
animals,f_210
animals,f_211
animals,f_212
animals,f_213
animals,f_214
animals,f_215
animals,f_216
animals,f_217
animals,f_218
animals,f_219
animals,f_220
animals,f_221
animals,f_222
animals,f_223
animals,f_224
animals,f_225
animals,f_226
animals,f_227
animals,f_228
animals,f_229
animals,f_230
animals,f_231
animals,f_232
animals,f_233
animals,f_234
animals,f_235
animals,f_236
animals,f_237
animals,f_238
animals,f_239
animals,f_240
animals,f_241
animals,f_242
animals,f_243
animals,f_244
animals,f_245
animals,f_246
animals,f_247
animals,f_248
animals,f_249
animals,f_250
animals,f_251
animals,f_252
animals,f_253
animals,f_254
animals,f_255
animals,f_256
animals,f_257
animals,f_258
animals,f_259
animals,f_260
animals,f_261
animals,f_262
animals,f_263
animals,f_264
animals,f_265
animals,f_266
animals,f_267
animals,f_268
animals,f_269
animals,f_270
animals,f_271
animals,f_272
animals,f_273
animals,f_274
animals,f_275
animals,f_276
animals,f_277
animals,f_278
animals,f_279
animals,f_280
animals,f_281
animals,f_282
animals,f_283
animals,f_284
animals,f_285
animals,f_286
animals,f_287
animals,f_288
animals,f_289
animals,f_290
animals,f_291
animals,f_292
animals,f_293
animals,f_294
animals,f_295
animals,f_296
animals,f_297
animals,f_298
animals,f_299
animals,f_300
animals,f_301
animals,f_302
animals,f_303
animals,f_304
animals,f_305
animals,f_306
animals,f_307
animals,f_308
animals,f_309
animals,f_310
animals,f_311
animals,f_312
animals,f_313
animals,f_314
animals,f_315
animals,f_316
animals,f_317
animals,f_318
animals,f_319
animals,f_320
animals,f_321
animals,f_322
animals,f_323
animals,f_324
animals,f_325
animals,f_326
animals,f_327
animals,f_328
animals,f_329
animals,f_330
animals,f_331
animals,f_332
animals,f_333
animals,f_334
animals,f_335
animals,f_336
animals,f_337
animals,f_338
animals,f_339
animals,f_340
animals,f_341
animals,f_342
animals,f_343
animals,f_344
animals,f_345
animals,f_346
animals,f_347
animals,f_348
animals,f_349
animals,f_350
animals,f_351
animals,f_352
animals,f_353
animals,f_354
animals,f_355
animals,f_356
animals,f_357
animals,f_358
animals,f_359
animals,f_360
animals,f_361
animals,f_362
animals,f_363
animals,f_364
animals,f_365
animals,f_366
animals,f_367
animals,f_368
animals,f_369
animals,f_370
animals,f_371
animals,f_372
animals,f_373
animals,f_374
animals,f_375
animals,f_376
animals,f_377
animals,f_378
animals,f_379
animals,f_380
animals,f_381
animals,f_382
animals,f_383
animals,f_384
animals,f_385
animals,f_386
animals,f_387
animals,f_388
animals,f_389
animals,f_390
animals,f_391
animals,f_392
animals,f_393
animals,f_394
animals,f_395
animals,f_396
animals,f_397
animals,f_398
animals,f_399
animals,f_400
animals,f_401
animals,f_402
animals,f_403
animals,f_404
animals,f_405
animals,f_406
animals,f_407
animals,f_408
animals,f_409
animals,f_410
animals,f_411
animals,f_412
animals,f_413
animals,f_414
animals,f_415
animals,f_416
animals,f_417
animals,f_418
animals,f_419
animals,f_420
animals,f_421
animals,f_422
animals,f_423
animals,f_424
animals,f_425
animals,f_426
animals,f_427
animals,f_428
animals,f_429
animals,f_430
animals,f_431
animals,f_432
animals,f_433
animals,f_434
animals,f_435
animals,f_436
animals,f_437
animals,f_438
animals,f_439
animals,f_440
animals,f_441
animals,f_442
animals,f_443
animals,f_444
animals,f_445
animals,f_446
animals,f_447
animals,f_448
animals,f_449
animals,f_450
animals,f_451
animals,f_452
animals,f_453
animals,f_454
animals,f_455
animals,f_456
animals,f_457
animals,f_458
animals,f_459
animals,f_460
animals,f_461
animals,f_462
animals,f_463
animals,f_464
animals,f_465
animals,f_466
animals,f_467
animals,f_468
animals,f_469
animals,f_470
animals,f_471
animals,f_472
animals,f_473
animals,f_474
animals,f_475
animals,f_476
animals,f_477
animals,f_478
animals,f_479
animals,f_480
animals,f_481
animals,f_482
animals,f_483
animals,f_484
animals,f_485
animals,f_486
animals,f_487
animals,f_488
animals,f_489
animals,f_490
animals,f_491
animals,f_492
animals,f_493
animals,f_494
animals,f_495
animals,f_496
animals,f_497
animals,f_498
animals,f_499
animals,f_500
animals,f_501
animals,f_502
animals,f_503
animals,f_504
animals,f_505
animals,f_506
animals,f_507
animals,f_508
animals,f_509
animals,f_510
animals,f_511
animals,f_512
animals,f_513
animals,f_514
animals,f_515
animals,f_516
animals,f_517
animals,f_518
animals,f_519
animals,f_520
animals,f_521
animals,f_522
animals,f_523
animals,f_524
animals,f_525
animals,f_526
animals,f_527
animals,f_528
animals,f_529
animals,f_530
animals,f_531
animals,f_532
animals,f_533
animals,f_534
animals,f_535
animals,f_536
animals,f_537
animals,f_538
animals,f_539
animals,f_540
animals,f_541
animals,f_542
animals,f_543
animals,f_544
animals,f_545
animals,f_546
animals,f_547
animals,f_548
animals,f_549
animals,f_550
animals,f_551
animals,f_552
animals,f_553
animals,f_554
animals,f_555
animals,f_556
animals,f_557
animals,f_558
animals,f_559
animals,f_560
animals,f_561
animals,f_562
animals,f_563
animals,f_564
animals,f_565
animals,f_566
animals,f_567
animals,f_568
animals,f_569
animals,f_570
animals,f_571
animals,f_572
animals,f_573
animals,f_574
animals,f_575
animals,f_576
animals,f_577
animals,f_578
animals,f_579
animals,f_580
animals,f_581
animals,f_582
animals,f_583
animals,f_584
animals,f_585
animals,f_586
animals,f_587
animals,f_588
animals,f_589
animals,f_590
animals,f_591
animals,f_592
animals,f_593
animals,f_594
animals,f_595
animals,f_596
animals,f_597
animals,f_598
animals,f_599
animals,f_600
animals,f_601
animals,f_602
animals,f_603
animals,f_604
animals,f_605
animals,f_606
animals,f_607
animals,f_608
animals,f_609
animals,f_610
animals,f_611
animals,f_612
animals,f_613
animals,f_614
animals,f_615
animals,f_616
animals,f_617
animals,f_618
animals,f_619
animals,f_620
animals,f_621
animals,f_622
animals,f_623
animals,f_624
animals,f_625
animals,f_626
animals,f_627
animals,f_628
animals,f_629
animals,f_630
animals,f_631
animals,f_632
animals,f_633
animals,f_634
animals,f_635
animals,f_636
animals,f_637
animals,f_638
animals,f_639
animals,f_640
animals,f_641
animals,f_642
animals,f_643
animals,f_644
animals,f_645
animals,f_646
animals,f_647
animals,f_648
animals,f_649
animals,f_650
animals,f_651
animals,f_652
animals,f_653
animals,f_654
animals,f_655
animals,f_656
animals,f_657
animals,f_658
animals,f_659
animals,f_660
animals,f_661
animals,f_662
animals,f_663
animals,f_664
animals,f_665
animals,f_666
animals,f_667
animals,f_668
animals,f_669
animals,f_670
animals,f_671
animals,f_672
animals,f_673
animals,f_674
animals,f_675
animals,f_676
animals,f_677
animals,f_678
animals,f_679
animals,f_680
animals,f_681
animals,f_682
animals,f_683
animals,f_684
animals,f_685
animals,f_686
animals,f_687
animals,f_688
animals,f_689
animals,f_690
animals,f_691
animals,f_692
animals,f_693
animals,f_694
animals,f_695
animals,f_696
animals,f_697
animals,f_698
animals,f_699
animals,f_700
animals,f_701
animals,f_702
animals,f_703
animals,f_704
animals,f_705
animals,f_706
animals,f_707
animals,f_708
animals,f_709
animals,f_710
animals,f_711
animals,f_712
animals,f_713
animals,f_714
animals,f_715
animals,f_716
animals,f_717
animals,f_718
animals,f_719
animals,f_720
animals,f_721
animals,f_722
animals,f_723
animals,f_724
animals,f_725
animals,f_726
animals,f_727
animals,f_728
animals,f_729
animals,f_730
animals,f_731
animals,f_732
animals,f_733
animals,f_734
animals,f_735
animals,f_736
animals,f_737
animals,f_738
animals,f_739
animals,f_740
animals,f_741
animals,f_742
animals,f_743
animals,f_744
animals,f_745
animals,f_746
animals,f_747
animals,f_748
animals,f_749
animals,f_750
animals,f_751
animals,f_752
animals,f_753
animals,f_754
animals,f_755
animals,f_756
animals,f_757
animals,f_758
animals,f_759
animals,f_760
animals,f_761
animals,f_762
animals,f_763
animals,f_764
animals,f_765
animals,f_766
animals,f_767
animals,f_768
animals,f_769
animals,f_770
animals,f_771
animals,f_772
animals,f_773
animals,f_774
animals,f_775
animals,f_776
animals,f_777
animals,f_778
animals,f_779
animals,f_780
animals,f_781
animals,f_782
animals,f_783
animals,f_784
animals,f_785
animals,f_786
animals,f_787
animals,f_788
animals,f_789
animals,f_790
animals,f_791
animals,f_792
animals,f_793
animals,f_794
animals,f_795
animals,f_796
animals,f_797
animals,f_798
animals,f_799
animals,f_800
animals,f_801
animals,f_802
animals,f_803
animals,f_804
animals,f_805
animals,f_806
animals,f_807
animals,f_808
animals,f_809
animals,f_810
animals,f_811
animals,f_812
animals,f_813
animals,f_814
animals,f_815
animals,f_816
animals,f_817
animals,f_818
animals,f_819
animals,f_820
animals,f_821
animals,f_822
animals,f_823
animals,f_824
animals,f_825
animals,f_826
animals,f_827
animals,f_828
animals,f_829
animals,f_830
animals,f_831
animals,f_832
animals,f_833
animals,f_834
animals,f_835
animals,f_836
animals,f_837
animals,f_838
animals,f_839
animals,f_840
animals,f_841
animals,f_842
animals,f_843
animals,f_844
animals,f_845
animals,f_846
animals,f_847
animals,f_848
animals,f_849
animals,f_850
animals,f_851
animals,f_852
animals,f_853
animals,f_854
animals,f_855
animals,f_856
animals,f_857
animals,f_858
animals,f_859
animals,f_860
artifacts,f_861
artifacts,f_862
artifacts,f_863
artifacts,f_864
artifacts,f_865
artifacts,f_866
artifacts,f_867
artifacts,f_868
artifacts,f_869
artifacts,f_870
artifacts,f_871
artifacts,f_872
artifacts,f_873
artifacts,f_874
artifacts,f_875
artifacts,f_876
artifacts,f_877
artifacts,f_878
artifacts,f_879
artifacts,f_880
artifacts,f_881
artifacts,f_882
artifacts,f_883
artifacts,f_884
artifacts,f_885
artifacts,f_886
artifacts,f_887
artifacts,f_888
artifacts,f_889
artifacts,f_890
artifacts,f_891
artifacts,f_892
artifacts,f_893
artifacts,f_894
artifacts,f_895
artifacts,f_896
artifacts,f_897
artifacts,f_898
artifacts,f_899
artifacts,f_900
artifacts,f_901
artifacts,f_902
artifacts,f_903
artifacts,f_904
artifacts,f_905
artifacts,f_906
artifacts,f_907
artifacts,f_908
artifacts,f_909
artifacts,f_910
artifacts,f_911
artifacts,f_912
artifacts,f_913
artifacts,f_914
artifacts,f_915
artifacts,f_916
artifacts,f_917
artifacts,f_918
artifacts,f_919
artifacts,f_40
artifacts,f_920
artifacts,f_921
artifacts,f_922
artifacts,f_923
artifacts,f_924
artifacts,f_925
artifacts,f_926
artifacts,f_927
artifacts,f_928
artifacts,f_929
artifacts,f_930
artifacts,f_931
artifacts,f_932
artifacts,f_933
artifacts,f_934
artifacts,f_935
artifacts,f_936
artifacts,f_937
artifacts,f_938
artifacts,f_939
artifacts,f_940
artifacts,f_941
artifacts,f_942
artifacts,f_943
artifacts,f_944
artifacts,f_945
artifacts,f_946
artifacts,f_947
artifacts,f_948
artifacts,f_949
artifacts,f_950
artifacts,f_951
artifacts,f_952
artifacts,f_953
artifacts,f_954
artifacts,f_955
artifacts,f_956
artifacts,f_957
artifacts,f_958
artifacts,f_959
artifacts,f_960
artifacts,f_961
artifacts,f_962
artifacts,f_963
artifacts,f_964
artifacts,f_965
artifacts,f_966
artifacts,f_967
artifacts,f_968
artifacts,f_969
artifacts,f_970
artifacts,f_971
artifacts,f_972
artifacts,f_973
artifacts,f_974
artifacts,f_975
artifacts,f_976
artifacts,f_977
artifacts,f_978
artifacts,f_979
artifacts,f_980
artifacts,f_981
artifacts,f_982
artifacts,f_983
artifacts,f_984
artifacts,f_985
artifacts,f_986
artifacts,f_987
artifacts,f_988
artifacts,f_989
artifacts,f_990
artifacts,f_991
artifacts,f_992
artifacts,f_993
artifacts,f_994
artifacts,f_995
artifacts,f_996
artifacts,f_997
artifacts,f_998
artifacts,f_999
artifacts,f_1000
artifacts,f_1001
artifacts,f_1002
artifacts,f_1003
artifacts,f_1004
artifacts,f_1005
artifacts,f_1006
artifacts,f_1007
artifacts,f_1008
artifacts,f_1009
artifacts,f_1010
artifacts,f_1011
artifacts,f_1012
artifacts,f_1013
artifacts,f_1014
artifacts,f_1015
artifacts,f_1016
artifacts,f_1017
artifacts,f_1018
artifacts,f_1019
artifacts,f_1020
artifacts,f_1021
artifacts,f_1022
artifacts,f_1023
artifacts,f_1024
artifacts,f_1025
artifacts,f_1026
artifacts,f_1027
artifacts,f_1028
artifacts,f_1029
artifacts,f_1030
artifacts,f_1031
artifacts,f_1032
artifacts,f_1033
artifacts,f_1034
artifacts,f_1035
artifacts,f_1036
artifacts,f_1037
artifacts,f_1038
artifacts,f_1039
artifacts,f_1040
artifacts,f_1041
artifacts,f_1042
artifacts,f_1043
artifacts,f_1044
artifacts,f_1045
artifacts,f_1046
artifacts,f_1047
artifacts,f_1048
artifacts,f_1049
artifacts,f_1050
artifacts,f_1051
artifacts,f_1052
artifacts,f_1053
artifacts,f_1054
artifacts,f_1055
artifacts,f_1056
artifacts,f_1057
artifacts,f_1058
artifacts,f_1059
artifacts,f_1060
artifacts,f_1061
artifacts,f_1062
artifacts,f_1063
artifacts,f_1064
artifacts,f_1065
artifacts,f_1066
artifacts,f_1067
artifacts,f_1068
artifacts,f_1069
artifacts,f_1070
artifacts,f_1071
artifacts,f_1072
artifacts,f_1073
artifacts,f_1074
artifacts,f_1075
artifacts,f_1076
artifacts,f_1077
artifacts,f_1078
artifacts,f_1079
artifacts,f_1080
artifacts,f_1081
artifacts,f_1082
artifacts,f_1083
artifacts,f_1084
artifacts,f_1085
artifacts,f_1086
artifacts,f_1087
artifacts,f_1088
artifacts,f_1089
artifacts,f_1090
artifacts,f_1091
artifacts,f_1092
artifacts,f_1093
artifacts,f_1094
artifacts,f_1095
artifacts,f_1096
artifacts,f_1097
artifacts,f_1098
artifacts,f_1099
artifacts,f_1100
artifacts,f_1101
artifacts,f_1102
artifacts,f_1103
artifacts,f_1104
artifacts,f_1105
artifacts,f_1106
artifacts,f_1107
artifacts,f_1108
artifacts,f_1109
artifacts,f_1110
artifacts,f_1111
artifacts,f_1112
artifacts,f_1113
artifacts,f_1114
artifacts,f_1115
artifacts,f_1116
artifacts,f_1117
artifacts,f_1118
artifacts,f_1119
artifacts,f_1120
artifacts,f_1121
artifacts,f_1122
artifacts,f_1123
artifacts,f_1124
artifacts,f_1125
artifacts,f_1126
artifacts,f_1127
artifacts,f_1128
artifacts,f_1129
artifacts,f_1130
artifacts,f_1131
artifacts,f_1132
artifacts,f_1133
artifacts,f_1134
artifacts,f_1135
artifacts,f_1136
artifacts,f_1137
artifacts,f_1138
artifacts,f_1139
artifacts,f_1140
artifacts,f_1141
artifacts,f_1142
artifacts,f_1143
artifacts,f_1144
artifacts,f_1145
artifacts,f_1146
artifacts,f_1147
artifacts,f_1148
artifacts,f_1149
artifacts,f_1150
artifacts,f_1151
artifacts,f_1152
artifacts,f_1153
artifacts,f_1154
artifacts,f_1155
artifacts,f_1156
artifacts,f_1157
artifacts,f_1158
artifacts,f_1159
artifacts,f_1160
artifacts,f_1161
artifacts,f_1162
artifacts,f_1163
artifacts,f_1164
artifacts,f_1165
artifacts,f_1166
artifacts,f_1167
artifacts,f_1168
artifacts,f_1169
artifacts,f_1170
artifacts,f_1171
artifacts,f_1172
artifacts,f_1173
artifacts,f_1174
artifacts,f_1175
artifacts,f_1176
artifacts,f_1177
artifacts,f_1178
artifacts,f_1179
artifacts,f_1180
artifacts,f_1181
artifacts,f_1182
artifacts,f_1183
artifacts,f_1184
artifacts,f_1185
artifacts,f_1186
artifacts,f_1187
artifacts,f_1188
artifacts,f_1189
artifacts,f_173
artifacts,f_1190
artifacts,f_1191
artifacts,f_1192
artifacts,f_1193
artifacts,f_1194
artifacts,f_1195
artifacts,f_1196
artifacts,f_1197
artifacts,f_1198
artifacts,f_1199
artifacts,f_1200
artifacts,f_1201
artifacts,f_1202
artifacts,f_1203
artifacts,f_1204
artifacts,f_1205
artifacts,f_1206
artifacts,f_1207
artifacts,f_1208
artifacts,f_1209
artifacts,f_1210
artifacts,f_1211
artifacts,f_1212
artifacts,f_1213
artifacts,f_1214
artifacts,f_1215
artifacts,f_1216
artifacts,f_1217
artifacts,f_1218
artifacts,f_1219
artifacts,f_1220
artifacts,f_1221
artifacts,f_1222
artifacts,f_1223
artifacts,f_1224
artifacts,f_1225
artifacts,f_1226
artifacts,f_185
artifacts,f_1227
artifacts,f_1228
artifacts,f_1229
artifacts,f_1230
artifacts,f_1231
artifacts,f_1232
artifacts,f_1233
artifacts,f_1234
artifacts,f_1235
artifacts,f_1236
artifacts,f_1237
artifacts,f_1238
artifacts,f_1239
artifacts,f_1240
artifacts,f_1241
artifacts,f_1242
artifacts,f_1243
artifacts,f_1244
artifacts,f_1245
artifacts,f_1246
artifacts,f_1247
artifacts,f_192
artifacts,f_1248
artifacts,f_1249
artifacts,f_1250
artifacts,f_1251
artifacts,f_1252
artifacts,f_1253
artifacts,f_1254
artifacts,f_1255
artifacts,f_1256
artifacts,f_1257
artifacts,f_1258
artifacts,f_1259
artifacts,f_1260
artifacts,f_1261
artifacts,f_1262
artifacts,f_1263
artifacts,f_1264
artifacts,f_1265
artifacts,f_1266
artifacts,f_1267
artifacts,f_1268
artifacts,f_1269
artifacts,f_1270
artifacts,f_1271
artifacts,f_1272
artifacts,f_1273
artifacts,f_1274
artifacts,f_1275
artifacts,f_1276
artifacts,f_1277
artifacts,f_1278
artifacts,f_1279
artifacts,f_1280
artifacts,f_1281
artifacts,f_1282
artifacts,f_1283
artifacts,f_1284
artifacts,f_1285
artifacts,f_1286
artifacts,f_1287
artifacts,f_1288
artifacts,f_1289
artifacts,f_1290
artifacts,f_1291
artifacts,f_1292
artifacts,f_1293
artifacts,f_243
artifacts,f_1294
artifacts,f_1295
artifacts,f_1296
artifacts,f_1297
artifacts,f_1298
artifacts,f_1299
artifacts,f_1300
artifacts,f_1301
artifacts,f_1302
artifacts,f_1303
artifacts,f_1304
artifacts,f_1305
artifacts,f_1306
artifacts,f_1307
artifacts,f_1308
artifacts,f_1309
artifacts,f_1310
artifacts,f_1311
artifacts,f_1312
artifacts,f_1313
artifacts,f_1314
artifacts,f_1315
artifacts,f_1316
artifacts,f_1317
artifacts,f_1318
artifacts,f_256
artifacts,f_1319
artifacts,f_1320
artifacts,f_1321
artifacts,f_1322
artifacts,f_1323
artifacts,f_1324
artifacts,f_1325
artifacts,f_1326
artifacts,f_1327
artifacts,f_1328
artifacts,f_1329
artifacts,f_1330
artifacts,f_1331
artifacts,f_1332
artifacts,f_1333
artifacts,f_1334
artifacts,f_1335
artifacts,f_1336
artifacts,f_1337
artifacts,f_1338
artifacts,f_1339
artifacts,f_1340
artifacts,f_1341
artifacts,f_1342
artifacts,f_1343
artifacts,f_1344
artifacts,f_1345
artifacts,f_1346
artifacts,f_1347
artifacts,f_1348
artifacts,f_1349
artifacts,f_1350
artifacts,f_1351
artifacts,f_285
artifacts,f_1352
artifacts,f_1353
artifacts,f_1354
artifacts,f_1355
artifacts,f_1356
artifacts,f_1357
artifacts,f_1358
artifacts,f_1359
artifacts,f_1360
artifacts,f_1361
artifacts,f_1362
artifacts,f_1363
artifacts,f_1364
artifacts,f_1365
artifacts,f_1366
artifacts,f_1367
artifacts,f_1368
artifacts,f_1369
artifacts,f_290
artifacts,f_1370
artifacts,f_1371
artifacts,f_1372
artifacts,f_1373
artifacts,f_1374
artifacts,f_1375
artifacts,f_1376
artifacts,f_1377
artifacts,f_292
artifacts,f_1378
artifacts,f_1379
artifacts,f_1380
artifacts,f_1381
artifacts,f_1382
artifacts,f_1383
artifacts,f_1384
artifacts,f_1385
artifacts,f_1386
artifacts,f_1387
artifacts,f_1388
artifacts,f_1389
artifacts,f_1390
artifacts,f_1391
artifacts,f_1392
artifacts,f_1393
artifacts,f_1394
artifacts,f_1395
artifacts,f_1396
artifacts,f_1397
artifacts,f_1398
artifacts,f_1399
artifacts,f_1400
artifacts,f_1401
artifacts,f_1402
artifacts,f_1403
artifacts,f_1404
artifacts,f_1405
artifacts,f_1406
artifacts,f_1407
artifacts,f_1408
artifacts,f_1409
artifacts,f_1410
artifacts,f_1411
artifacts,f_1412
artifacts,f_1413
artifacts,f_1414
artifacts,f_1415
artifacts,f_1416
artifacts,f_1417
artifacts,f_1418
artifacts,f_1419
artifacts,f_1420
artifacts,f_1421
artifacts,f_1422
artifacts,f_1423
artifacts,f_1424
artifacts,f_1425
artifacts,f_1426
artifacts,f_1427
artifacts,f_1428
artifacts,f_1429
artifacts,f_1430
artifacts,f_1431
artifacts,f_1432
artifacts,f_1433
artifacts,f_1434
artifacts,f_1435
artifacts,f_1436
artifacts,f_1437
artifacts,f_1438
artifacts,f_1439
artifacts,f_1440
artifacts,f_1441
artifacts,f_1442
artifacts,f_1443
artifacts,f_1444
artifacts,f_1445
artifacts,f_1446
artifacts,f_1447
artifacts,f_1448
artifacts,f_1449
artifacts,f_321
artifacts,f_1450
artifacts,f_1451
artifacts,f_1452
artifacts,f_1453
artifacts,f_1454
artifacts,f_1455
artifacts,f_1456
artifacts,f_1457
artifacts,f_1458
artifacts,f_1459
artifacts,f_1460
artifacts,f_1461
artifacts,f_1462
artifacts,f_1463
artifacts,f_1464
artifacts,f_1465
artifacts,f_1466
artifacts,f_1467
artifacts,f_1468
artifacts,f_1469
artifacts,f_1470
artifacts,f_1471
artifacts,f_1472
artifacts,f_1473
artifacts,f_1474
artifacts,f_1475
artifacts,f_1476
artifacts,f_1477
artifacts,f_1478
artifacts,f_1479
artifacts,f_1480
artifacts,f_1481
artifacts,f_1482
artifacts,f_1483
artifacts,f_1484
artifacts,f_1485
artifacts,f_1486
artifacts,f_1487
artifacts,f_1488
artifacts,f_1489
artifacts,f_1490
artifacts,f_1491
artifacts,f_1492
artifacts,f_1493
artifacts,f_1494
artifacts,f_339
artifacts,f_341
artifacts,f_1495
artifacts,f_1496
artifacts,f_1497
artifacts,f_349
artifacts,f_351
artifacts,f_1498
artifacts,f_1499
artifacts,f_1500
artifacts,f_1501
artifacts,f_1502
artifacts,f_1503
artifacts,f_1504
artifacts,f_1505
artifacts,f_1506
artifacts,f_1507
artifacts,f_1508
artifacts,f_1509
artifacts,f_1510
artifacts,f_1511
artifacts,f_1512
artifacts,f_1513
artifacts,f_1514
artifacts,f_1515
artifacts,f_356
artifacts,f_1516
artifacts,f_1517
artifacts,f_358
artifacts,f_1518
artifacts,f_1519
artifacts,f_1520
artifacts,f_1521
artifacts,f_360
artifacts,f_1522
artifacts,f_1523
artifacts,f_361
artifacts,f_363
artifacts,f_1524
artifacts,f_1525
artifacts,f_1526
artifacts,f_365
artifacts,f_1527
artifacts,f_1528
artifacts,f_1529
artifacts,f_1530
artifacts,f_1531
artifacts,f_1532
artifacts,f_1533
artifacts,f_1534
artifacts,f_1535
artifacts,f_1536
artifacts,f_1537
artifacts,f_1538
artifacts,f_1539
artifacts,f_1540
artifacts,f_1541
artifacts,f_1542
artifacts,f_1543
artifacts,f_1544
artifacts,f_1545
artifacts,f_1546
artifacts,f_368
artifacts,f_1547
artifacts,f_1548
artifacts,f_370
artifacts,f_1549
artifacts,f_1550
artifacts,f_1551
artifacts,f_1552
artifacts,f_1553
artifacts,f_1554
artifacts,f_1555
artifacts,f_1556
artifacts,f_374
artifacts,f_1557
artifacts,f_1558
artifacts,f_1559
artifacts,f_1560
artifacts,f_1561
artifacts,f_1562
artifacts,f_1563
artifacts,f_1564
artifacts,f_1565
artifacts,f_1566
artifacts,f_1567
artifacts,f_1568
artifacts,f_1569
artifacts,f_1570
artifacts,f_1571
artifacts,f_1572
artifacts,f_1573
artifacts,f_1574
artifacts,f_1575
artifacts,f_1576
artifacts,f_1577
artifacts,f_1578
artifacts,f_1579
artifacts,f_1580
artifacts,f_383
artifacts,f_1581
artifacts,f_1582
artifacts,f_386
artifacts,f_387
artifacts,f_1583
artifacts,f_1584
artifacts,f_1585
artifacts,f_1586
artifacts,f_389
artifacts,f_1587
artifacts,f_1588
artifacts,f_1589
artifacts,f_1590
artifacts,f_1591
artifacts,f_393
artifacts,f_1592
artifacts,f_1593
artifacts,f_1594
artifacts,f_1595
artifacts,f_1596
artifacts,f_1597
artifacts,f_1598
artifacts,f_1599
artifacts,f_1600
artifacts,f_1601
artifacts,f_1602
artifacts,f_1603
artifacts,f_1604
artifacts,f_1605
artifacts,f_1606
artifacts,f_1607
artifacts,f_1608
artifacts,f_1609
artifacts,f_1610
artifacts,f_1611
artifacts,f_1612
artifacts,f_1613
artifacts,f_1614
artifacts,f_1615
artifacts,f_1616
artifacts,f_1617
artifacts,f_1618
artifacts,f_1619
artifacts,f_1620
artifacts,f_1621
artifacts,f_1622
artifacts,f_1623
artifacts,f_1624
artifacts,f_1625
artifacts,f_1626
artifacts,f_1627
artifacts,f_1628
artifacts,f_1629
artifacts,f_1630
artifacts,f_1631
artifacts,f_1632
artifacts,f_1633
artifacts,f_1634
artifacts,f_1635
artifacts,f_398
artifacts,f_1636
artifacts,f_1637
artifacts,f_1638
artifacts,f_1639
artifacts,f_400
artifacts,f_1640
artifacts,f_402
artifacts,f_1641
artifacts,f_1642
artifacts,f_1643
artifacts,f_1644
artifacts,f_1645
artifacts,f_1646
artifacts,f_1647
artifacts,f_1648
artifacts,f_1649
artifacts,f_1650
artifacts,f_1651
artifacts,f_1652
artifacts,f_1653
artifacts,f_1654
artifacts,f_1655
artifacts,f_1656
artifacts,f_1657
artifacts,f_1658
artifacts,f_1659
artifacts,f_1660
artifacts,f_1661
artifacts,f_1662
artifacts,f_1663
artifacts,f_1664
artifacts,f_1665
artifacts,f_1666
artifacts,f_1667
artifacts,f_1668
artifacts,f_1669
artifacts,f_1670
artifacts,f_1671
artifacts,f_1672
artifacts,f_1673
artifacts,f_1674
artifacts,f_1675
artifacts,f_1676
artifacts,f_1677
artifacts,f_1678
artifacts,f_1679
artifacts,f_1680
artifacts,f_1681
artifacts,f_1682
artifacts,f_1683
artifacts,f_1684
artifacts,f_1685
artifacts,f_1686
artifacts,f_1687
artifacts,f_1688
artifacts,f_1689
artifacts,f_1690
artifacts,f_1691
artifacts,f_1692
artifacts,f_1693
artifacts,f_1694
artifacts,f_1695
artifacts,f_1696
artifacts,f_1697
artifacts,f_1698
artifacts,f_1699
artifacts,f_1700
artifacts,f_1701
artifacts,f_1702
artifacts,f_1703
artifacts,f_1704
artifacts,f_1705
artifacts,f_1706
artifacts,f_1707
artifacts,f_1708
artifacts,f_1709
artifacts,f_1710
artifacts,f_1711
artifacts,f_1712
artifacts,f_1713
artifacts,f_1714
artifacts,f_1715
artifacts,f_419
artifacts,f_1716
artifacts,f_1717
artifacts,f_1718
artifacts,f_1719
artifacts,f_1720
artifacts,f_1721
artifacts,f_1722
artifacts,f_1723
artifacts,f_1724
artifacts,f_1725
artifacts,f_1726
artifacts,f_1727
artifacts,f_1728
artifacts,f_1729
artifacts,f_1730
artifacts,f_1731
artifacts,f_1732
artifacts,f_1733
artifacts,f_1734
artifacts,f_1735
artifacts,f_1736
artifacts,f_1737
artifacts,f_1738
artifacts,f_1739
artifacts,f_1740
artifacts,f_1741
artifacts,f_1742
artifacts,f_1743
artifacts,f_1744
artifacts,f_1745
artifacts,f_1746
artifacts,f_1747
artifacts,f_1748
artifacts,f_1749
artifacts,f_1750
artifacts,f_1751
artifacts,f_1752
artifacts,f_1753
artifacts,f_1754
artifacts,f_1755
artifacts,f_1756
artifacts,f_1757
artifacts,f_1758
artifacts,f_1759
artifacts,f_1760
artifacts,f_1761
artifacts,f_1762
artifacts,f_1763
artifacts,f_1764
artifacts,f_1765
artifacts,f_1766
artifacts,f_1767
artifacts,f_1768
artifacts,f_1769
artifacts,f_1770
artifacts,f_1771
artifacts,f_1772
artifacts,f_1773
artifacts,f_1774
artifacts,f_1775
artifacts,f_1776
artifacts,f_1777
artifacts,f_1778
artifacts,f_1779
artifacts,f_1780
artifacts,f_1781
artifacts,f_1782
artifacts,f_1783
artifacts,f_1784
artifacts,f_1785
artifacts,f_1786
artifacts,f_1787
artifacts,f_1788
artifacts,f_1789
artifacts,f_1790
artifacts,f_1791
artifacts,f_1792
artifacts,f_1793
artifacts,f_1794
artifacts,f_1795
artifacts,f_1796
artifacts,f_1797
artifacts,f_1798
artifacts,f_1799
artifacts,f_1800
artifacts,f_1801
artifacts,f_1802
artifacts,f_1803
artifacts,f_1804
artifacts,f_1805
artifacts,f_1806
artifacts,f_1807
artifacts,f_1808
artifacts,f_1809
artifacts,f_1810
artifacts,f_1811
artifacts,f_1812
artifacts,f_1813
artifacts,f_1814
artifacts,f_1815
artifacts,f_1816
artifacts,f_1817
artifacts,f_1818
artifacts,f_1819
artifacts,f_1820
artifacts,f_1821
artifacts,f_1822
artifacts,f_1823
artifacts,f_1824
artifacts,f_1825
artifacts,f_1826
artifacts,f_1827
artifacts,f_1828
artifacts,f_1829
artifacts,f_1830
artifacts,f_1831
artifacts,f_1832
artifacts,f_1833
artifacts,f_1834
artifacts,f_1835
artifacts,f_1836
artifacts,f_1837
artifacts,f_1838
artifacts,f_1839
artifacts,f_1840
artifacts,f_1841
artifacts,f_1842
artifacts,f_1843
artifacts,f_1844
artifacts,f_1845
artifacts,f_1846
artifacts,f_1847
artifacts,f_1848
artifacts,f_1849
artifacts,f_1850
artifacts,f_1851
artifacts,f_1852
artifacts,f_607
artifacts,f_1853
artifacts,f_1854
artifacts,f_1855
artifacts,f_1856
artifacts,f_609
artifacts,f_610
artifacts,f_1857
artifacts,f_614
artifacts,f_1858
artifacts,f_1859
artifacts,f_1860
artifacts,f_1861
artifacts,f_1862
artifacts,f_1863
artifacts,f_1864
artifacts,f_1865
artifacts,f_1866
artifacts,f_1867
artifacts,f_1868
artifacts,f_1869
artifacts,f_1870
artifacts,f_1871
artifacts,f_1872
artifacts,f_1873
artifacts,f_1874
artifacts,f_1875
artifacts,f_1876
artifacts,f_1877
artifacts,f_1878
artifacts,f_1879
artifacts,f_1880
artifacts,f_1881
artifacts,f_1882
artifacts,f_1883
artifacts,f_1884
artifacts,f_1885
artifacts,f_1886
artifacts,f_1887
artifacts,f_1888
artifacts,f_1889
artifacts,f_1890
artifacts,f_1891
artifacts,f_1892
artifacts,f_1893
artifacts,f_1894
artifacts,f_1895
artifacts,f_1896
artifacts,f_1897
artifacts,f_1898
artifacts,f_1899
artifacts,f_1900
artifacts,f_1901
artifacts,f_1902
artifacts,f_1903
artifacts,f_1904
artifacts,f_1905
artifacts,f_1906
artifacts,f_1907
artifacts,f_1908
artifacts,f_1909
artifacts,f_1910
artifacts,f_1911
artifacts,f_1912
artifacts,f_1913
artifacts,f_1914
artifacts,f_1915
artifacts,f_1916
artifacts,f_1917
artifacts,f_1918
artifacts,f_1919
artifacts,f_1920
artifacts,f_1921
artifacts,f_1922
artifacts,f_718
artifacts,f_1923
artifacts,f_1924
artifacts,f_1925
artifacts,f_1926
artifacts,f_1927
artifacts,f_1928
artifacts,f_1929
artifacts,f_1930
artifacts,f_1931
artifacts,f_1932
artifacts,f_1933
artifacts,f_1934
artifacts,f_1935
artifacts,f_1936
artifacts,f_1937
artifacts,f_1938
artifacts,f_1939
artifacts,f_1940
artifacts,f_1941
artifacts,f_1942
artifacts,f_1943
artifacts,f_1944
artifacts,f_1945
artifacts,f_1946
artifacts,f_1947
artifacts,f_1948
artifacts,f_1949
artifacts,f_1950
artifacts,f_1951
artifacts,f_1952
artifacts,f_1953
artifacts,f_1954
artifacts,f_1955
artifacts,f_1956
artifacts,f_1957
artifacts,f_1958
artifacts,f_1959
artifacts,f_1960
artifacts,f_1961
artifacts,f_1962
artifacts,f_1963
artifacts,f_1964
artifacts,f_1965
artifacts,f_1966
artifacts,f_1967
artifacts,f_1968
artifacts,f_1969
artifacts,f_1970
artifacts,f_1971
artifacts,f_1972
artifacts,f_1973
artifacts,f_1974
artifacts,f_1975
artifacts,f_1976
artifacts,f_1977
artifacts,f_1978
artifacts,f_1979
artifacts,f_1980
artifacts,f_1981
artifacts,f_1982
artifacts,f_1983
artifacts,f_1984
artifacts,f_1985
artifacts,f_1986
artifacts,f_1987
artifacts,f_1988
artifacts,f_1989
artifacts,f_1990
artifacts,f_1991
artifacts,f_1992
artifacts,f_1993
artifacts,f_1994
artifacts,f_1995
artifacts,f_1996
artifacts,f_1997
artifacts,f_1998
artifacts,f_1999
artifacts,f_2000
artifacts,f_2001
artifacts,f_2002
artifacts,f_2003
artifacts,f_2004
artifacts,f_2005
artifacts,f_2006
artifacts,f_2007
artifacts,f_2008
artifacts,f_2009
artifacts,f_2010
artifacts,f_2011
artifacts,f_2012
artifacts,f_2013
artifacts,f_2014
artifacts,f_2015
artifacts,f_2016
artifacts,f_2017
artifacts,f_2018
artifacts,f_2019
artifacts,f_2020
artifacts,f_2021
artifacts,f_2022
artifacts,f_2023
artifacts,f_2024
artifacts,f_2025
artifacts,f_2026
artifacts,f_2027
artifacts,f_2028
artifacts,f_2029
artifacts,f_2030
artifacts,f_2031
artifacts,f_2032
artifacts,f_2033
artifacts,f_2034
artifacts,f_2035
artifacts,f_2036
artifacts,f_2037
artifacts,f_2038
artifacts,f_2039
artifacts,f_2040
artifacts,f_2041
artifacts,f_2042
artifacts,f_2043
artifacts,f_2044
artifacts,f_2045
artifacts,f_2046
artifacts,f_2047
artifacts,f_2048
artifacts,f_2049
artifacts,f_2050
artifacts,f_2051
artifacts,f_2052
artifacts,f_2053
artifacts,f_2054
artifacts,f_2055
artifacts,f_2056
artifacts,f_2057
artifacts,f_2058
artifacts,f_2059
artifacts,f_2060
artifacts,f_2061
artifacts,f_2062
artifacts,f_2063
artifacts,f_2064
artifacts,f_2065
artifacts,f_2066
artifacts,f_2067
artifacts,f_2068
artifacts,f_2069
artifacts,f_2070
artifacts,f_2071
artifacts,f_2072
artifacts,f_2073
artifacts,f_2074
artifacts,f_2075
artifacts,f_2076
artifacts,f_2077
artifacts,f_2078
artifacts,f_2079
artifacts,f_2080
artifacts,f_2081
artifacts,f_2082
artifacts,f_2083
artifacts,f_2084
artifacts,f_2085
artifacts,f_2086
artifacts,f_2087
artifacts,f_2088
artifacts,f_2089
artifacts,f_2090
artifacts,f_2091
artifacts,f_2092
artifacts,f_2093
artifacts,f_2094
artifacts,f_2095
artifacts,f_2096
artifacts,f_2097
artifacts,f_2098
artifacts,f_2099
artifacts,f_2100
artifacts,f_2101
artifacts,f_2102
artifacts,f_2103
artifacts,f_2104
artifacts,f_2105
artifacts,f_2106
artifacts,f_2107
artifacts,f_2108
artifacts,f_2109
artifacts,f_2110
artifacts,f_2111
artifacts,f_2112
artifacts,f_2113
artifacts,f_2114
artifacts,f_2115
artifacts,f_2116
artifacts,f_2117
artifacts,f_2118
artifacts,f_2119
artifacts,f_2120
artifacts,f_2121
artifacts,f_2122
artifacts,f_2123
artifacts,f_2124
artifacts,f_2125
artifacts,f_2126
artifacts,f_2127
artifacts,f_2128
artifacts,f_2129
artifacts,f_2130
artifacts,f_2131
artifacts,f_2132
artifacts,f_2133
artifacts,f_2134
artifacts,f_2135
artifacts,f_2136
artifacts,f_2137
artifacts,f_2138
artifacts,f_2139
artifacts,f_2140
artifacts,f_2141
artifacts,f_2142
artifacts,f_2143
artifacts,f_2144
artifacts,f_2145
artifacts,f_2146
artifacts,f_2147
artifacts,f_2148
artifacts,f_2149
artifacts,f_2150
artifacts,f_2151
artifacts,f_2152
artifacts,f_2153
artifacts,f_2154
artifacts,f_2155
artifacts,f_2156
artifacts,f_2157
artifacts,f_2158
artifacts,f_2159
artifacts,f_2160
artifacts,f_2161
artifacts,f_2162
artifacts,f_2163
artifacts,f_2164
artifacts,f_2165
artifacts,f_2166
artifacts,f_2167
artifacts,f_2168
artifacts,f_2169
artifacts,f_2170
artifacts,f_2171
artifacts,f_2172
artifacts,f_2173
artifacts,f_2174
artifacts,f_2175
artifacts,f_2176
artifacts,f_2177
artifacts,f_2178
artifacts,f_2179
artifacts,f_2180
artifacts,f_2181
artifacts,f_2182
artifacts,f_2183
artifacts,f_2184
artifacts,f_2185
artifacts,f_2186
artifacts,f_2187
artifacts,f_2188
artifacts,f_2189
artifacts,f_2190
artifacts,f_2191
artifacts,f_2192
artifacts,f_2193
artifacts,f_2194
artifacts,f_2195
artifacts,f_2196
artifacts,f_2197
artifacts,f_2198
artifacts,f_2199
artifacts,f_2200
artifacts,f_2201
artifacts,f_2202
artifacts,f_2203
artifacts,f_2204
artifacts,f_2205
artifacts,f_2206
artifacts,f_2207
artifacts,f_2208
artifacts,f_2209
artifacts,f_2210
artifacts,f_2211
artifacts,f_2212
artifacts,f_2213
artifacts,f_2214
artifacts,f_2215
artifacts,f_2216
artifacts,f_2217
artifacts,f_2218
artifacts,f_2219
artifacts,f_2220
artifacts,f_2221
artifacts,f_2222
artifacts,f_2223
artifacts,f_2224
artifacts,f_2225
artifacts,f_2226
artifacts,f_2227
artifacts,f_2228
artifacts,f_2229
artifacts,f_2230
artifacts,f_2231
artifacts,f_2232
artifacts,f_2233
artifacts,f_2234
artifacts,f_2235
artifacts,f_2236
artifacts,f_2237
artifacts,f_2238
artifacts,f_2239
artifacts,f_2240
artifacts,f_2241
artifacts,f_2242
artifacts,f_2243
artifacts,f_857
